Sequence ID,Sequence,PWM Score,Motif Energy (Î”G)
PATP7A01,---ARRG-K------NYY----AM-DY----,26.017675281135503,-2.453664585623937
PATP7A02,---ARGG---------YY----AM-DY----,31.703651739355877,-11.765724640676602
PATP7A03,---ARDG-A--------Y-----F-DY----,25.116993744076197,-13.03502464394522
PATP7A04,---ARDD------------------GY----,13.651110876589637,-4.6975635926493515
PATP7A05,---ARDS------------SGPRF-AY----,11.02894835160473,-20.819505793869684
PATP7A09,---ARRA-------YDSY---GGF-DY----,23.054675737118316,-12.673061114360356
PATP7A11,---ARSL----DGYYSYY-----F-DY----,21.40753016517943,-19.304575704631414
PATP7A12,---ARWE-Q------LLY----AM-DY----,22.951303787816983,-2.09787936645736
PATP7B03,---ARKE-------------STDF-DY----,11.878547342904948,-10.259003716105767
PATP7B05,---TR-----------------PF-DY----,16.070564598275418,-15.090354364544346
PATP7B07,---AKAT-------LVDY-----F-DY----,14.029175921141851,-2.4291136936468627
PATP7B11,---ARWE-Q------LLY----AI-DY----,16.647523341619657,-7.389571800677058
PATP7C07,---ARWG---------------RFRGY----,10.60558854560543,-23.679459021570437
PATP7D03,---ARLG-L------------TMM-GY----,9.442908105777212,-14.660941899290275
PATP7D04,---ARDY---------FY----AM-DY----,26.840555826045403,-0.7182279136528907
PATP7D12,---ARI----------YYGYDGYF-DY----,20.62073650335376,-24.077450184493998
PATP8E01,---ARSI---------YYDY-AWF-AY----,20.452447654809674,-11.772151067707076
PATP8E02,---AR----------GNYS--NLF-AY----,19.70339266967379,-10.985669432962032
PATP8E08,---ARSY-------YSNYD--YAM-DY----,28.218638177404323,-2.697580327692561
PATP8E10,---ARYD-------GSLY----AM-DY----,25.815585658546738,-1.2700013421031775
PATP8E11,---ARST---------------WF-AY----,17.277513370400314,-11.136481047439148
PATP8F08,---AKSS---------------SF-DY----,13.621548369654231,-11.775716747934307
PATP8F11,---AKAT-------VVDY-----F-DY----,13.351104061906913,0.03782915971124001
PATP8G07,---ARHD-F-----------GRVM-DY----,11.017687782334676,-9.73729310025491
PATP8G09,---ANSN---------------LF-AY----,10.415097683820015,1.1475398515805317
PATP8H02,---ARY---------HDY----AM-DY----,23.067416755283908,-2.224667803657353
PATP8H05,---ARPR--------GNY----YF-DY----,25.706559776206213,-12.899914634171598
PATP8H09,---ARDY-------------DYVF-AY----,14.523581564343955,-18.21491387997021
PATd6p1A05,---ARSG-T----------AQASF-AY----,7.335729647645916,-18.491181579990354
PATd6p1A06,---ARGA-AQ-AT---------YF-DY----,8.470954047364305,-24.962583506237138
PATd6p1A09,---ARGV----YY-ETYY----AM-DY----,21.495733179343773,-6.165716253326432
PATd6p1A11,---ARER-S------TYY-----F-DY----,24.867311329029555,-20.31535869264579
PATd6p1A12,---ARNR-------SPPY----AM-DY----,19.410250332653646,-5.381283078768965
PATd6p1B01,---ASLY--------GNYG---EF-DY----,19.75246648024506,-4.909816525350155
PATd6p1B04,---AYSN------YVGYY----AM-DY----,20.48785279126767,5.460462741072505
PATd6p1B05,---ATLD---------GYS---AM-DY----,17.513254092684562,11.357191682940257
PATd6p1B08,---ARVL----R--------GRAM-DY----,15.545595134311998,-5.224269834304537
PATd6p1B09,---SPGT-------------TDYF-DY----,3.188254177445851,-3.0224679870882944
PATd6p1B10,---ARDD--------GNY-------NY----,17.214494077756413,-10.225651994088587
PATd6p1B11,---SRVL----R--------GRAM-DY----,9.391789918855231,-2.4209444529755806
PATd6p1C01,---ARAD----------------V-DY----,15.49809932998844,-6.890211048535982
PATd6p1C03,---TRSG--------VRY----YF-DY----,21.66591785516519,-14.692215970551507
PATd6p1C06,---ARHDATVVAE------------DY----,-4.236404261012639,2.532463513548973
PATd6p1C07,---ARAY----YS--TYY----AM-DY----,23.191232283542234,0.5437560609113973
PATd6p1C11,---ARAD----------------M-DY----,20.47995186480918,-9.156079142521907
PATd6p1D08,---ARNR-S------PP----CAM-DY----,12.580175858450362,-18.920527083032166
PATd6p1D10,---AREG-V------TRY-----F-DV----,17.365797216356643,-18.936520479842475
PATd6p1E01,---AR----------LHS----LF-DY----,15.555825036180071,-12.93696455903982
PATd6p1E02,---ARWS--------SGY----AM-DY----,24.989725244083523,-3.0293066531987827
PATd6p1E04,---ARSD--------SNY----DF-DY----,24.51628572042479,-6.495039007378442
PATd6p1E07,---ARHK--------SNY----GF-DY----,22.39634052340574,-11.421633457752922
PATd6p1E10,---ARPV-S------LYY----AM-DY----,24.788487967105773,-6.684127751908632
PATd6p1E11,---ARWA-G------TYY----AM-DY----,26.911788743836027,-6.950077207675714
PATd6p1F04,---ARSY--------GNY---GAM-DY----,31.390377829367395,-2.02809665960887
PATd6p1F07,---ARKL-V------T------FF-DY----,14.138547559608078,-22.58980307967327
PATd6p1F10,---AISY---------DYD---WF-AY----,17.955760043549553,-3.309639713075317
PATd6p1F12,---------------ACYD--GYFFAY----,5.647491812126612,-7.93320660586206
PATd6p1G05,---ARQK-------YRTY----AM-DY----,19.732178391858355,-3.611786978887022
PATd6p1H01,---AIGD----------Y----AM-DY----,22.78794530807302,3.171689490764548
PATd6p1H12,---ARWA-G------TYY----AM-DN----,18.228794770368587,-9.27255523344312
PT612A01,---ARG---------GNY----GF-AY----,26.696565093027388,-14.522737761279101
PT612A05,---AREV---------------PF-AY----,17.719206479400803,-15.286093809387458
PT612A07,---ARGD---------------GFSDY----,18.543590757005866,-25.044402441958653
PT612A11,---ARRG-T------TYY-----F-DF----,18.80805162661367,-26.14743982262892
PT612B03,---------------------SGL-DV----,0.7889529164328932,0.8897046077721915
PT612B05,---ARS---------GNW----DF-DY----,21.301336282387382,-12.684015258811272
PT612B06,---ARSV-P----------STVVF-DY----,8.01199866542655,-16.049784053437026
PT612B12,---ARSS-------------SDAI-DY----,14.03417496341878,-7.924742684406316
PT612C01,---AR---A------PYY-----F-DY----,23.672479071005533,-15.289638360164755
PT612C02,---ARD---------WAY----AM-DY----,22.711273021011714,-3.93749584559723
PT612C04,---ARTG-L-----------GGFF-DY----,18.1688392751486,-18.928037115993924
PT612C06,---ARDG-G----------LRRGF-AY----,15.374813764233233,-10.281700268032647
PT612C10,---ARWP-S-----YGNY-----F-DY----,24.396491883166767,-15.12039385246511
PT612D04,---ARQG------------------AY----,15.528075989390441,-11.185984848195883
PT612D06,---ARPG--------NYYYY--GM-DY----,22.894188738850083,-11.759572450246711
PT612D07,---ARRG-P-------------PF-AY----,17.862948239134273,-17.239164442565134
PT612E02,---ARRD--------PYY----AM-DY----,29.010102715861564,-5.52498039816218
PT612E06,---AKLV---------DY----AM-DY----,19.696853835393533,6.479545791900214
PT612E07,---AREA-------DGYYD---AM-DY----,31.56904948611873,-8.705181292480326
PT612E08,---ARSS-------------SDAM-DY----,20.3379554096161,-2.6330502501866166
PT612E09,---AR-----------------PF-DY----,19.73894308705595,-16.02782797956191
PT612E10,---AREG-L------------GLV-AY----,14.797917800047149,-12.84100224066211
PT612E12,---TRSS-------------SDAM-DY----,16.669576920835567,-1.6955766351690542
PT612F10,---ARSC-G------LLWD---AM-DY----,21.012954869025627,-6.820136673575488
PT612F11,---AREP-P-----------ELGL-DY----,10.575002261435841,-11.565211864752795
PT612F12,---ARSS-------------SDAM-DY----,20.3379554096161,-2.6330502501866166
PT612G05,---VRQH----------------F-DY----,10.240546249185176,-15.178847817829247
PT612G11,---ARRD-------WDAW-----F-AY----,15.380623586793233,-17.8067767516238
PT611A03,---TR----------NYYG---GF-AY----,19.912200466370116,-14.243399841697146
PT611A09,--------------------AMKF-AY----,-0.537804720477066,-17.895202958576515
PT611A10,---ASPL-------DGYY-----L-DY----,17.077928174583548,-3.5918305898830347
PT611B02,---ARTG-------DCHY----YF-DY----,20.77676129672927,-19.423957327325837
PT611B06,---ARSP-L------------GWF-AY----,18.2410475133244,-14.261734979288482
PT611B10,---ARAG-V------LRY-----H-DS----,8.158068369158187,-16.1891574649744
PT611B12,---ASWA-------SLRY-----F-DY----,15.431727208434113,-5.056525628470056
PT611C01,---ARRG-T------TYY-----F-DY----,26.49104590593236,-19.56017908832287
PT611C12,---AKTG-------DYHY----YF-DY----,18.991160704244308,-6.96712166073974
PT611D07,---AKTG---------------SF-AY----,12.538314508945039,-13.718910741194556
PT611D10,---ARER------YGNRY----AM-DY----,23.637616357347888,-2.4951787839384267
PT611E09,---AKTG-------DYHY----YF-DC----,11.89312882369634,-9.84110676356569
PT611E12,---ARGR---------------RG-AY----,11.14363753730377,-6.258064891918041
PT611F07,---ARDG-G----------LRRRF-AY----,13.420617510576847,-10.413238890372913
PT611F10,---ARAY--------YDYD--GAF-DY----,27.650998339426877,-7.0869965733609
PT611H09,---ARAG-V------LRY-----H-DY----,16.84106234262563,-14.464709920084024
PT611H12,---ARL---------LRY----AM-DY----,25.58836263800871,-2.428760380504889
PTD6P3A02,---TRSG-I--------YD--GFM-DY----,19.773829213499184,-6.736488943260521
PTD6P3A05,---ARGA-Q-------------GF-DY----,19.321197893537487,-18.42331619009108
PTD6P3A07,---ARSA--------YRY----AL-DY----,23.188639162007576,-0.43952211437650235
PTD6P3A08,---ARGG---------YWG---AM-DY----,28.274939355406808,-16.34801245809976
PTD6P3A09,---ARDD----YD-EDYY----AM-DY----,24.207163488351682,-2.175951301431532
PTD6P3A10,---ARSR--------------DPF-DY----,20.00968495256006,-14.008340186328013
PTD6P3B03,---AK----------LSY-----F-DY----,18.15384903233577,-4.04829678023321
PTD6P3B09,---SRSG--------DYYG---TF-DY----,20.235861943521563,-20.017766508510533
PTD6P3B10,---ARHA-S------SG-----YF-DY----,18.249499148030466,-19.899335251907537
PTD6P3C01,---AR-----------------LM-DY----,18.51224248663926,-11.190874110315963
PTD6P3C06,---ARS---------GYYG--TAF-AY----,28.697733343899642,-6.357112008064899
PTD6P3C12,---ARKKSR----------------AY----,4.503393119904345,-13.288212154802917
PTD6P3D01,---AGGC---------DY----GF-AY----,12.830397759579869,-6.48401074088894
PTD6P3D03,---AREE--------LYY-----F-DY----,26.552967421472808,-18.983429573862832
PTD6P3D04,---ARKK------PDGYYG---YF-DV----,15.718162890703077,-11.113401767713016
PTD6P3D05,--------------------AEGF-DV----,0.4178946026703265,-11.89181522831443
PTD6P3E01,---ARSR--------SNY----YF-DY----,26.886468815022205,-13.495383116359312
PTD6P3E02,---ARSY---------GY----EF-AY----,21.531801900930986,-7.126944102095744
PTD6P4A05,---ARSD---------------CL-DY----,14.179570320224684,-1.6252258896091352
PTD6P4A07,---AR-----------SYS--LGF-AY----,17.482246202674354,-8.755409706898519
PTD6P4B01,---ARRE-G------DAY----AM-DY----,22.986751076432697,-4.704087280279073
PTD6P4B03,---VRSG--------DYYG---TF-DC----,13.815901922208532,-26.86976308991786
PTD6P4B04,---ARLG-N--YG--NFYY---AM-DY----,19.561334934226394,-3.2685078854386433
PTD6P4B06,---ARYY--------SNYE-WGAM-DY----,21.195583425935553,-13.844076254788362
PTD6P4B08,---AY-----------YYAFA--M-DY----,9.04113519599646,-1.8416225461313376
PTD6P4B10,---ARRG--------IYYD---YF-DY----,26.03352348513493,-15.073040445863628
PTD6P4B12,---ARGG--------YYYG--SAM-DY----,30.14745289233511,-10.362060742373647
PTD6P4C01,---AIGD----------Y----EF-AY----,16.926650373785822,-3.8071141541053497
PTD6P4C02,---ARDL---------------GV-AY----,14.230727877405029,-8.254945993270336
PTD6P4C03,---ARSG--------DYYG---TF-DY----,26.389667158978327,-22.82109188983949
PTD6P4C06,---AREG-D----------GLLLF-DY----,14.403200478896059,-22.251220383378765
PTD6P4D04,---ASEV------------------FY----,3.29262992771246,0.16044223390528145
PTD6P4D09,---AREV------------------FY----,8.792475740022615,-5.968591637626302
PTD6P4E01,---ARGE----VR-GTPY----AM-DY----,15.341081333068622,-10.59508270445292
PTD6P4E04,---ARHA---------DWD---GF-AY----,18.09792778621729,-15.034223341820493
PTD6P4E08,---ARRG--------IYFD---YF-DY----,21.492955156992096,-20.191190770047697
PTD6P4E11,---ARVP-------RRNY----AM-DY----,20.7472854007314,0.00723176117804003
PTD6P4F08,---ARWD-------YSNY----FF-DY----,23.824788625428916,-11.721716206349951
PTD6P4G01,---ARSN--------YGYD---PF-AY----,22.06538086040046,-8.91166184078001
PTD6P4G04,---MRGD------------------GYL---,1.102810038834976,-0.7378384489489402
PTD6P4G09,---ARQD--------GYYD-YDPF-AY----,22.381476724763345,-10.21050842591575
P01A01_1,---ARG--------LLRS----LF-DY----,16.969047795676346,-17.831615269055643
P01A02_1,---ARRG-G-------------PG-DY----,14.51815938265074,-8.176347951086402
P01A04_1,---ARDD----YD-VDYY----AM-DY----,24.529091552653917,3.9506312893130078
P01A05_1,---ARG---------GSYG--SAF-AY----,26.073001833735674,-4.837226103042072
P01A09_1,---TRAG-I--MI-TPYY----AM-DY----,13.523638251894072,-15.623661697828695
P01A10_1,---AREP---------SY----AM-DY----,25.315344157386882,-2.328420146260355
P01B02_1,--VLR----------GYY-----F-DY----,16.74928716276043,-18.234815272482496
P01B04_1,---ARDY-SN-Y---GYY----AM-DY----,26.35109332294124,-7.0870274934093755
P01B05_1,---ARDG-------------NSWF-AY----,16.388721270872395,-12.271620005400212
P01B06_1,---ARRD-------DGYYD--YAM-DY----,30.58873322527988,-6.738335924414012
P01B07_1,---AREGLL-------------QF-AY----,14.209890946884386,-11.447728979782976
P01B08_1,---ARE---------GNY----GL-AY----,22.34731643158409,-8.321729665001842
P01B11_1,---ARYY-D-----YAFY----AM-DY----,22.811612757038212,2.2071983090524556
P01B12_1,---ATP----------FYGYA--M-DY----,10.259275506344423,1.7901610064437046
P01C01_1,---VRHL----RGYDGYY-----F-DY----,15.803168154776124,-16.848668495773694
P01C02_1,---ARED--------GNY----YF-DY----,29.32126954024487,-14.014644390551597
P01C05_1,---ARG---------GYYG--SAF-AY----,29.256223612428172,-10.688926003404852
P01C08_1,---AR----------GDY----YF-DY----,26.36372628974228,-13.544553638922311
P01C12_1,-----AI--------LLY----AM-DY----,16.487667685441096,7.720241667956393
P01D01_1,---ARRD-----GYHLYY-----F-DY----,21.65048387350459,-18.084246828694333
P01D07_1,--------------AGLWS---PF-AY----,5.028919896327894,1.003309141341065
P01D09_1,---ASDD----YD-VDYY----AM-DY----,19.029245740343754,10.07966516084459
P01D11_1,---AREG--------GYY-----L-DY----,26.922792333672277,-16.085265513583774
P01D12_1,---TRDR-R------P------HF-DY----,11.306670418502934,-15.219754024595211
P01E01_1,---ARRD--------SRY----AM-DY----,27.440936310943222,-1.1124219925374454
P01E02_1,---ARQG----EL-GRNY----AM-DY----,20.902887314950547,-15.59590473205294
P01E07_1,---ARQG----EL-GRSY----AM-DY----,18.995996756723855,-13.764967073023982
P01E08_1,---ARLG----LG-GGYYY---AM-DY----,26.007591059899475,-6.791905688937782
P01E09_1,---TRRD--------SRY----AM-DY----,23.77255782216269,-0.174948377519884
P01E10_1,---ARN---------GNYH---AM-DY----,24.61270919483863,-5.459709788625027
P01E11_1,---AITC--------GYY-----F-DY----,18.933891863413656,-12.512050958860844
P01F01_1,---ARDL----------------M-DY----,20.44198401568452,-11.09389644980703
P01F04_1,---ARHA-T------GT----RAM-DY----,18.65792799242528,-8.654081325738707
P01F06_1,---ARMG---------GYD--VWF-AY----,17.222387212773384,-13.407729830571823
P01G03_1,---ARGY------------GNPPF-AY----,13.430254549397713,-13.335496207416472
P01G09_1,---ARNY--------LYYY---AM-DY----,26.88534945030768,-8.68564744647
P01G11_1,---ARRD---------------YF-DY----,21.983890566073192,-16.014082305311128
P01G12_1,---ARET-------TATW----GF-DY----,15.258039105693106,-22.205831697093565
P01H03_1,---ARG--------LLRS----PF-DY----,17.792170013133983,-17.733334965035
P01H08_1,---TRDG---------IY----AM-DY----,20.93366580068833,-8.267745636957331
P01H11_1,---AREY------------GNPPF-AY----,12.700902145729255,-12.869570861537298
P01H12_1,---AREG--------GHY----AM-DY----,29.259554347674005,-4.888989533639559
P05A02_1,---ARWL-L-------------PF-DY----,19.24867388280721,-16.1066022277679
P05A04_1,---AIGN----------------F-AY----,13.123925190456047,-10.99526054528455
P05A06_1,---ARDY--------GNY-----F-DY----,28.315835640031786,-12.182353867882217
P05A07_1,---TRDQ--------------NPF-DY----,13.140300155712477,-17.757431211710927
P05A08_1,---AREE--------GNYV--RAM-DY----,27.043005326642863,-2.5824174669745266
P05A12_1,---ARSR-------NGYY-----F-DY----,27.027285137347384,-12.341488009672759
P05B01_1,---ARRA-G------S------AM-DY----,21.961571269596035,-7.267712513757787
P05B02_1,---ARGD-I-------------RM-DY----,18.50774372591576,-9.607869197896616
P05B03_1,---AREG--------YDYA---RF-AY----,19.802296285898308,-13.023900067580911
P05B04_1,---ASGG-L------RNY-----F-DY----,21.302865406004535,-13.115589931508477
P05B06_1,---ARD-----------Y---GYF-DY----,25.8211693561746,-14.081034569048304
P05B08_1,---ARSY--------YRY----AM-DY----,27.141922619338096,-0.5720373023307576
P05B11_1,---ARGE-L-----------RLLF-AY----,14.875167203879583,-15.968462780387682
P05C03_1,---TRDY------------RITPF-GY----,4.090583210681949,-14.569018071687651
P05C04_1,---ARNG-N-----YPYY----AM-DY----,25.66321313853455,-12.474410355348734
P05C07_1,---ARNY----YD--AYY----AL-DY----,19.85251738602833,0.37604462078977974
P05C09_1,---TRDF------------SITPF-GY----,2.546262422104903,-11.295740850720502
P05C10_1,---ARDF--------GNF-----F-DY----,20.230946982088806,-15.684348601411545
P05C11_1,---ARGR-------DGNY----PF-AY----,26.0941910237552,-13.254065109062395
P05D01_1,---ARKG--------AYYSNSYAM-DY----,18.21801148374429,-15.69993012045266
P05D05_1,---AR----------TAY----AM-DY----,24.13637401969519,-4.4662065777734705
P05D06_1,---ARYP--------AGY-----F-DY----,21.176374334479917,-10.783593626003395
P05D07_1,-------------ASGYY----LF-AY----,11.172273312354807,-7.7339968228269305
P05D09_1,---ARGE--------LDFD---AF-DY----,24.085559864149374,-14.663498561356793
P05D11_1,---ARGG--------LDYD---AF-DY----,31.014398752898813,-12.412073852572732
P05E02_1,---AR----------MPW----AM-DY----,15.865727061486059,-5.266711906381218
P05E03_1,---ARSG-I------------NAM-DY----,21.38340363247037,-7.825136173368347
P05E08_1,---ARDD-----YDDGAW-----F-AY----,14.098460288946747,-6.581046033742965
P05E09_1,-----AL--------GYYD-YDPF-AY----,14.132993208350223,-4.9243939984547325
P05E12_1,---TRGY--------GNYP--YAM-DY----,23.46130133562258,-7.576681383922799
P05F02_1,---ARTA-Q-------------AT-DY----,11.784338825442136,-3.4298223586631162
P05F04_1,---AR----------DFY----AM-DY----,24.473408987521694,-1.1903442663537778
P05F07_1,---ARGY-------DGYY-------HY----,18.3251472994778,-14.711424982355611
P05F11_1,---VRNE--------GYY-----F-DD----,11.74776324807304,-22.885580905295548
P05F12_1,---ARSY---------YYGF------Y----,17.26843259345227,-4.793626847123629
P05G02_1,---ARGL-R-----------RREF-DY----,14.491655019011624,-12.442250820442007
P05G07_1,---ARGN-------HLYY-----F-DY----,23.59621985983454,-23.00399848101323
P05G10_1,---TRGC------GNCPY----AM-DY----,10.743304373290997,-9.167020380488195
P05G12_1,---ARYY-D-----YDVY----AM-DY----,22.449042701320565,1.4581866203898035
P05H03_1,---ARD---------YLY----AM-DY----,26.120663753548385,-2.1430513747912063
P05H05_1,---GRLT-------GTVF-----F-DY----,7.979287914930858,-12.727692048121671
P05H07_1,---ARRR-D------SGSG---TM-DY----,13.304583926569675,-13.72379568651671
P06A01_1,---ARGY---------DYD-GIEF-AY----,18.309027031599275,-12.15539655394003
P06A07_1,---ARSL--------LRW----AM-DY----,23.748364866173432,-5.760581526924442
P06A08_1,---TRSN--------WVY----AM-DY----,18.389115593924608,1.160487677946191
P06A09_1,---AR----------RVY----AM-DY----,23.28076395873397,-3.188271474097656
P06A11_1,---AKLP--------NYYV---YF-DY----,18.806405286402825,-8.00499419183014
P06A12_1,---ARED-N-----YGYYY---AM-DY----,28.656097314142777,-8.36738402297199
P06B01_1,---AR----------GDYG--NYP-DY----,17.7512734846709,-5.093297460253553
P06B04_1,---ARSK-------------ELGL-RY----,3.813987618611431,0.8803951348184981
P06B05_1,---ARYY--------------EEM-DY----,15.115426429135953,-10.416446594711164
P06B07_1,---ARDL------------------YY----,10.258793708340198,-11.340573527998306
P06B10_1,---ARY---------GDF----YF-DY----,21.417165640155034,-18.415514391109824
P06C04_1,---AREG-A----YDGYFY---YF-DY----,23.730798329418334,-26.453248076706917
P06C07_1,---AR----------GNYP--LAM-DY----,24.835101576123122,-7.2691425545209105
P06C08_1,-----IL--------VYY----AM-DY----,14.980259780282514,-1.0833031291899582
P06D02_1,---ARY---------GNF----YF-DY----,22.324056223869334,-19.329835895304843
P06D04_1,---ARTY-D-----YAYY----AM-DY----,25.802189463249945,-2.5882970068220037
P06D07_1,---ARGD-------NWGY----AM-DY----,23.432384453899864,1.7511093448791195
P06D11_1,---ARGS----------YRYDGYF-DV----,11.106196084854659,-24.92273035348085
P06E01_1,---TRLS------YDGYYAY--AM-DY----,20.18868242838733,0.6473619525823143
P06E02_1,---ARD---------RGY----AM-DY----,25.711272829854636,-3.362786513560819
P06E03_1,---ARDD--------GAW-----L-AY----,17.30422304658933,-9.434971033338678
P06E04_1,---ARVV--------GYY-----F-DY----,25.14095585658709,-16.415128973840485
P06E06_1,---ARTG--------TDY-----F-DY----,24.70739014352663,-14.590643284724077
P06E07_1,---ARHR--------GNFH---AM-DY----,20.23600413225322,-8.808593723083673
P06E08_1,---ARSR----------------C-DY----,13.131317491707197,-2.7834700268186134
P06E09_1,------------ACLQYY----AM-DY----,5.275060958419816,3.533866904773432
P06E10_1,-------------ATGSW-----F-AY----,5.894276434179032,-10.501683324841316
P06F02_1,---TRY---------PYY----AM-DY----,23.48915055414652,-5.956148741203476
P06F04_1,---ARHQ--------GGY-----F-AY----,19.917092131292563,-10.732640661682204
P06F06_1,---PRKG-G-------------GF-TY----,4.251161685539941,-11.311239529284002
P06F09_1,--TANWE-------------GGLF-AY----,4.971702728747999,4.3802845366159735
P06F12_1,---------------VHYG------DY----,8.439333470226787,3.952712947861669
P06G05_1,---ARDW--------GYY-----F-DY----,27.047846428747008,-13.327711022434741
P06G10_1,---ARGS--------TFYY--YAM-DY----,23.148788638875857,-6.425841942854961
P06H02_1,---AKPF----------------F-DY----,10.70186060278987,-5.197684700248428
P06H04_1,---ARDP---------------LF-DY----,19.747692390486836,-16.04848255945331
P06H08_1,---ARWG-G------NFY----AM-DY----,25.023487079683697,-3.846538600262614
P06H10_1,---AK-----------------PF-DY----,15.046452164033612,-8.884897285006675
P08A05_1,---ARSG-------LRRY-----F-DY----,24.275402644697117,-16.06773766281335
P08A08_1,---ARAD--------AYYD------AY----,21.57812748220052,-6.739472772086129
P08A09_1,---ARQE--------GNF----YF-DY----,21.327454859252562,-18.60287379488871
P08A11_1,---ARGP-A------TYY-----F-DY----,25.178811232344522,-17.033446460445173
P08A12_1,-----TN--------LYY----AM-DY----,19.153742354247193,2.650953494311368
P08B02_1,---ARWG----DE-EDYY----AM-DY----,20.935293114711953,-15.909606166507807
P08B06_1,---ARWW--------GNY---GAM-DY----,27.31262521860875,-0.4392732827562441
P08B07_1,---ARAD--------GYYD------AY----,24.452596556092608,-8.207816910363908
P08B10_1,---ARST-------VEAW-----F-AY----,10.073342883478416,-15.19363922382175
P08C03_1,---ARGL---------------YF-AY----,20.317314306446235,-18.081547699349436
P08C04_1,---ARDY------------PITPF-AY----,11.096831276973912,-8.647914926546864
P08C06_1,---GKEV------------------DY----,4.9096534522127975,-1.9316021393932559
P08C08_1,---AREA------YGNPW-----F-AY----,14.248701186112955,-18.147827484555293
P08C12_1,---------------GLLQ--NAM-DY----,5.781690711349869,10.843317212969968
P08D02_1,---AR--------------------SYYGSS,-9.589361912266192,9.246663980155379
P08D04_1,---ARLG----------Y----GL-DY----,21.807437576180384,-10.231761878163175
P08D07_1,---ARLP------YDGYPH---YF-DY----,16.07922968954503,-16.46947031628404
P08D10_1,---ARAD--------GNYD------VY----,16.66847130040866,-5.912838237580949
P08E01_1,----------------TIPLTGKF-DY----,-5.2973664299796805,-7.915073651707988
P08E03_1,---PRG--------WFRG----GF-DY----,4.211019122939584,-15.165103552499104
P08E08_1,---ARRG-K------GFY----AM-DY----,25.83445345378484,0.9456996023845748
P08E12_1,---ARG--------WLRG----GF-DY----,16.54473265429113,-27.66527977032305
P08F06_1,---ARGR--------------GAM-DC----,16.873603009725173,-11.9223070697015
P08F09_1,---ATFP-------DGYYP---AM-DY----,17.384565127936423,-4.011221205441432
P08G06_1,---ARDI----------------F-AY----,17.845562442243256,-12.801670664580145
P08G07_1,---ARGE------LTGSW-----F-AY----,14.310629433226921,-13.514076339387977
P08G11_1,---TRED---------------AM-DY----,20.488697652239694,-4.74076938182744
P08H02_1,-------------VYGNY----GF-AY----,12.39762635537712,-8.038216035796163
P08H03_1,A--SRDYRSD----------GGAM-DY----,5.260613395014692,-2.531978651711523
P08H04_1,---AR----------RHYGSRGAM-DY----,20.099738291848666,-4.539099312278181
P08H11_1,---AREI-L-------------AF-DY----,21.797340254346636,-11.003235859468795
P08H12_1,---ARSI---------YYDY-SWF-AY----,21.037410121547346,-7.9015035944587
P01A01_1,---AR----------PYY---GNY-DY----,16.73903703915915,-3.3732241258186852
P01A02_1,---ARV---------HDYD-WGAM-DY----,19.751815174454798,-9.848317837173807
P01A03_1,---ARAW-------DLYY-----F-DY----,24.248296356044122,-13.468554019678397
P01A05_1,---ALMV-T------TLY----AM-DY----,12.997867536908595,1.2148878599777997
P01A08_1,-EAGR-----------------GF-AY----,3.1042530849147236,-7.939985133049885
P01A09_1,---TRAS-G-------------GF-AY----,13.357363456701211,-14.971290133460796
P01A11_1,---AR----------REY----YF-DY----,20.489257394263475,-17.468185775129975
P01A12_1,---ARVQ--------LFY----AM-DY----,21.841333539850098,-2.4917849849456126
P01B02_1,---ARDR--------------RAM-DY----,22.102158298909302,-5.3073328952939915
P01B04_1,---ARW---------GGYD--EGF-AY----,21.29273175692999,-13.736081506302703
P01B06_1,---ARSG---------------AK-GY----,13.132274625606627,4.01056492323895
P01B07_1,---ARRE----------Y----SF-DY----,21.050651336468704,-16.243955527568325
P01B08_1,---AREI------YDGYYV--GAM-DY----,28.103146883700404,-5.140783698080235
P01B09_1,---ARGQ-L------GLH-----L-DY----,12.499089190443254,-9.568094449593081
P01B11_1,---ARET-A------G------YF-DY----,20.79062407688135,-15.533705472307636
P01C04_1,---ARDN--------YVY----AM-DY----,24.24191849183405,-1.1830098763865742
P01C07_1,---ARRG---------------WL-DY----,17.603529544554092,-14.101558152111327
P01C11_1,---ARVL---------DYD-EDYF-DY----,20.176468718887968,-10.153168532802965
P01D01_1,---ARSD---------DYD-VSPF-AY----,19.3147409242734,-11.84728805514018
P01D02_1,---------------AYYG--SAM-DY----,18.020901553839543,4.820968960256322
P01D05_1,---ARSS-PG-LL-PSYY----AM-DY----,13.84634404879793,-6.062022817798313
P01D06_1,---ARSD-------EGTW-----F-AY----,17.9775587610168,-19.746399694074718
P01D09_1,---ALMI-T------PLY----AM-DY----,12.504827541010474,1.6600398244061796
P01E03_1,---ARTARA-----------TSYF-DY----,12.377843541908238,-15.034386386836747
P01E06_1,---AMDS--------SGW-----F-AY----,11.015468182995095,-4.793060893225329
P01E11_1,---ARQL-------------GLRF-AY----,12.505329855078594,-14.63840694081818
P01F02_1,---AIWGLL-------------HL-AY----,4.4824662246484195,-3.514402878690499
P01F05_1,---TTPA-D-------------GF-AY----,5.398086161798018,-3.10426105348351
P01G01_1,---ARGG-------DPYY-----F-DY----,28.70582509814743,-22.428602853910785
P01G04_1,---VRGW-L-------------LP-DY----,6.164457018306536,-4.509624042011558
P01G05_1,---ARWGLL-------------HL-AY----,10.17495710397771,-8.55193165072151
P01G06_1,---VRLR-------------LRAM-DY----,12.161539123856317,-8.944403834587126
P01G10_1,---ARGR-------WKYY-----F-DY----,21.500739640729485,-22.73868956437583
P01G12_1,---ARR---------KYY-----F-DY----,22.409444878248145,-18.27520139355438
P01H01_1,---ARSN----YG--TFY----AM-DY----,22.815364912123897,1.9945275284118322
P01H02_1,---ARGN--------YVY----AM-DY----,24.575342223034752,-3.414109512332319
P01H09_1,---TREI------YDGYYV--GAV-DY----,19.452915860099125,-1.9374419890767465
P02A01_1,---ARYN---------DYD-EDYF-DY----,20.591506194499743,-9.18765774404532
P02A02_1,-TGGRGA---------------WF-AY----,3.4081091857559174,-15.816262368676313
P02A05_1,---AR----------SNY----YF-DY----,25.669166264088886,-14.628143623322226
P02A06_1,---ARLL----------RLGD-AM-DY----,9.192071256392529,-18.33031866186804
P02A08_1,---ARTG-L----------GRAWF-GY----,9.934613462511704,-13.586389573601966
P02A11_1,---AR----------GNY-----F-DY----,26.354681122952492,-12.992358208536416
P02B01_1,---ARYA--------HYY----GY-EY----,9.629285085086028,-14.364182682615843
P02B06_1,--VLRSR---------------AM-DY----,12.442000844507389,-6.211408065060077
P02B08_1,---VRQP-------GTVY-----F-DY----,13.671859253259212,-12.805971023609416
P02B09_1,---ARSD----------Y----AM-DY----,28.28451597883936,1.335681927369499
P02C04_1,---ARE---------GNYD--YEF-AY----,22.860135796670342,-12.976030813092281
P02D02_1,---ARFG-------NPYY-----F-DY----,21.9211906215534,-19.20080067190921
P02D07_1,---ARTY------SNSYY-----F-DY----,20.927193204043014,-18.307916634312058
P02D09_1,---ARQG--------GDYD---WF-AY----,24.58870902361985,-12.499794159247593
P02D10_1,ARPARAT---------------FF-AY----,2.6221325799011495,-17.44385534539989
P02E05_1,---ARTG-L----------GRAWF-AY----,13.27248304002313,-15.972831843528876
P02E06_1,---TRDE-------DGYY-------AY----,19.789318957525364,-9.354703362248145
P02F02_1,---ARDG-L--WL-RRYY----AM-DY----,20.597655158930706,-16.9029547487056
P02F06_1,---ARPY---------DYD--GNF-AY----,18.618440471896253,-2.3574617335070007
P02F07_1,---AR-----------DY-----F-DY----,23.39435127332556,-11.598410886531866
P02F11_1,---ASGYYD-----YAFY----AM-DY----,14.883055091732848,0.18175404219069635
P02G03_1,---ARVNRR-----------HTFM-DY----,4.160484686968163,-8.067351112321363
P02G04_1,---AMDI--------SGW-----F-AY----,10.378038286653718,-2.940848303895059
P02G06_1,---TREL--------RLF----AM-DY----,17.180185271696566,-9.37102768951068
P02G10_1,---ARDP----------------Y-AY----,13.290206493285604,-6.157950513146386
P02H03_1,---VRDG-----G-------LAWF-AY----,8.729388097680754,-22.420219075678887
P02H06_1,---ARAY------SNSYY-----F-DY----,21.579269884734323,-18.733633853795755
P02H08_1,---ARYP-N--LL-LGYYY---AM-DY----,20.31851057153561,-7.000844735869639
P02H10_1,---ARRD--------YLY----AM-DY----,26.32938126270554,-0.65485756538808
P03A02_1,---ARKG--------AYYG---GF-DY----,26.14746620145315,-22.252628919326174
P03A03_1,---TRSG---------YY----AM-DY----,27.83935304201239,-7.626729817023082
P03A06_1,---ARDL-------YGNY----VL-DY----,22.202271635472705,-6.175255136913221
P03A08_1,---ARSN--------DYY----AM-DY----,28.433360737259697,-4.46775419487732
P03A11_1,---ARA---------DYY----VM-DY----,23.222804309636196,-10.37325500228661
P03B02_1,---ARED----YE--DYY----AM-DY----,25.802189574330477,-1.727178550024072
P03B05_1,---AREA-T-----TLYYY---AM-DY----,25.56160668037245,-11.485725985375218
P03B06_1,---ARGD--------SNYV--GAL-DY----,26.01788908565706,-1.5429192002855778
P03B07_1,---ASLD--------GYLG--DAM-DY----,17.651351501305342,0.6782116557349619
P03B10_1,---ARDG--------YRY----AM-GY----,23.235392348704067,-1.362874975542458
P03C05_1,---ARGD--------SNYV--GAM-DY----,29.234206960472847,-2.3427677774170728
P03C06_1,---TRAG-SN-PV----------F-AY----,2.8445249262884746,-26.71037853354153
P03C07_1,---ARMG----LL--LSY----AM-DY----,20.768116873170094,-1.7183630761831337
P03C08_1,---ARDL-------YGNY----VV-DY----,20.436736975467753,-4.709235620058792
P03C09_1,---ARSD--------------PYF-DY----,20.71540186972672,-16.183792801376114
P03C10_1,---ARWN----------WDGD-AM-DY----,18.29174664403999,-9.130809508398182
P03C11_1,---ARGS--------PYY-----F-DF----,18.368127254508302,-26.135781297219925
P03D01_1,---SRDW------------ITGPF-AY----,5.186297149149484,0.30105858863094004
P03D05_1,---ARGG---------YY----PF-DY----,29.33617135217989,-21.671078870827778
P03D08_1,---ARKA-T-----TLYYY---AM-DY----,23.31367922729426,-12.008423239531787
P03D09_1,---ARGG--------NNYV--GAM-DY----,28.69668119973924,-5.859982825519312
P03D10_1,---TRGG-D------YLY----AM-DY----,23.449457790919176,-4.840165427499916
P03E01_1,---ARGG-A------PYY-----F-DY----,27.313507722702802,-20.562791520155546
P03E07_1,---AREG-Y-----YLYYY---AM-DY----,25.915670744792507,-16.276089225331575
P03E10_1,---ARLE------GLNYY----AM-DY----,21.579556261304475,-5.82438518529977
P03E12_1,---AEGH--------GFYV------AY----,8.383161566634687,9.602389892447857
P03F04_1,--TAH----------GYY-----F-DY----,15.725175012523357,0.7992711240751181
P03G04_1,---TREQ-------------SIYY-DY----,5.236741431383361,-11.905951901097213
P03G05_1,---AKIY-------DGYYD---YF-DY----,22.381445061043294,-14.038976838247446
P03H03_1,---ARGAMI------GNY----AM-DY----,23.907287908449483,-8.22752982678359
P04A01_1,---ARGD--------NNYV--GAM-DY----,27.835657618498715,-0.6085242588419638
P04A03_1,---ARRG-G------SG-----GM-DY----,21.298570511415015,-16.714664781705416
P04A07_1,---AR----------SEY----YF-DY----,21.76227585878786,-16.55522220950155
P04A08_1,---AR----------DDYG--AAM-DY----,23.831349371562773,-3.413479331052345
P04A10_1,---AREGILR------------GF-AY----,12.173133130259547,-30.29594405741401
P04B01_1,---ARSH-------YYGYG---AM-DY----,23.370580134626458,-0.47635075961512185
P04B03_1,---AKGE----------YE---AM-DY----,18.85470623118937,-1.6569557962650752
P04B04_1,---AIY---------GYY----AM-YY----,16.73217723782601,-2.223708360718686
P04B06_1,---ARDP---------------YF-AY----,19.591573161569492,-15.907088616986453
P04B08_1,---ARG--------WLRY-----F-DY----,22.996528380385897,-17.593840295410303
P04C01_1,---ARAG--------------GQF-AY----,17.012942857827042,-15.259220768224097
P04C04_1,---ARAD------RLGSW-----F-AY----,14.512673192844625,-18.706299611104743
P04C07_1,---TRSP-------YSLY----AM-DY----,22.976822031755873,-0.6100056525481418
P04C10_1,---ARWG------DGASW-----F-AY----,13.872685768771857,-12.641527880908242
P04D10_1,---AR----------GNF----YF-DY----,22.730048545313757,-19.5770254673014
P04D12_1,---AR----------GHY----RY-DY----,17.071404888499465,-3.0437194556840317
P04E01_1,---ARSG---------YY----SF-DY----,26.93861737819205,-22.195112850434036
P04E04_1,---ARDD-S------GA-----AM-DY----,23.964384505921046,-8.716635847208222
P04F01_1,---ARDG------YYPYY----VM-DY----,25.404765919507085,-13.286654977266089
P04F03_1,---ARRG---------------AM-DY----,24.414028406962558,-9.758100786032662
P04F07_1,---ARHY-------GSSY----YF-DY----,22.580472369010884,-12.678002775948404
P04F12_1,---ARGG--------SLY----AM-DY----,29.474918942744786,-7.919632562351981
P04G05_1,---ARYD--------GNY-----F-DY----,27.15740629843117,-10.663401314559843
P04G09_1,---ARYW----------------F-DY----,17.39435138563035,-12.35843562200586
P04H02_1,---ERGG--------SLY----AM-DY----,20.999186121762683,-14.5962481632416
P04H06_1,---ARNK------PSHYY----AM-DY----,16.617624580116505,0.9119450103589241
P04H07_1,---AREG-V-----TTEY-----F-DY----,19.4652613930502,-25.70352801312849
P04H12_1,---ARDY-------GSNYG---LF-DY----,25.366772794736868,-13.572622972368041
